FID,ID,NOMBRE,DESCRIPCION,DIRECCION,SDOGEOMETRIA,URL,EMAIL,CONTACTO,HORARIOS,PRECIOS,TITULARIDAD,TARJETAJOVEN,ACCESOPMR,NROPLAZAS,TOTALPLAZAS
da_aparcamientosBici.fid-5e0b4e14_192281f7d42_2d06,65998,APARCABICIS_217,Frente a Carril de los Niños.,"CARRIL DE CASTELL, 23 ",POINT (374793.57398567 4065356.27104485),,,,,,MUNICIPAL,No,No,8,1987
da_aparcamientosBici.fid-5e0b4e14_192281f7d42_2d07,65996,APARCABICIS_186,Esquina c/ Mar.,"PLAZA NIÑO DE LAS MORAS, 4 ",POINT (378607.9429513 4064618.04854184),,,,,,MUNICIPAL,No,No,6,1987
da_aparcamientosBici.fid-5e0b4e14_192281f7d42_2d08,65999,APARCABICIS_229,Frente a Colegio San Estanislao de Kostka.,"AVENIDA DE JUAN SEBASTIÁN ELCANO, 170 ",POINT (378354.123919688 4064809.95156696),,,,,,MUNICIPAL,No,No,6,1987
da_aparcamientosBici.fid-5e0b4e14_192281f7d42_2d09,66061,APARCABICIS_268,A la altura del número 18,"CALLE REAL, 18 ",POINT (378646.371738611 4064839.75493038),,,,,,MUNICIPAL,No,No,6,1987
da_aparcamientosBici.fid-5e0b4e14_192281f7d42_2d0a,65910,APARCABICIS_242,Junto a entrada de Parking Alcazaba.,"PLAZA DE JESÚS ""EL RICO"", 3 ",POINT (373487.830653682 4065030.10185677),,,,,,MUNICIPAL,No,No,10,1987
da_aparcamientosBici.fid-5e0b4e14_192281f7d42_2d0b,65975,APARCABICIS_163,Esquina con Cl. Antonio Baena Gómez.,"CALLE ANTONIO BAENA GÓMEZ, 1 ",POINT (372997.758621848 4064588.74237426),,,,,,MUNICIPAL,No,No,20,1987
da_aparcamientosBici.fid-5e0b4e14_192281f7d42_2d0c,65916,APARCABICIS_024,Esq. con Molina Larios,"PLAZA DE LA MARINA, 4 ",POINT (373175.60342804 4064581.88793964),,,,,,MUNICIPAL,No,No,6,1987
da_aparcamientosBici.fid-5e0b4e14_192281f7d42_2d0d,66049,APARCABICIS_257,A la altura del Paseo de Levante,"PASEO DE LA FAROLA, 21 ",POINT (373683.242554624 4064029.44516644),,,,,,MUNICIPAL,No,No,10,1987
da_aparcamientosBici.fid-5e0b4e14_192281f7d42_2d0e,65885,APARCABICIS_338,,"CALLE BARROSO, 7 ",POINT (372934.000185537 4064289.00009046),,,,,,MUNICIPAL,No,No,6,1987
da_aparcamientosBici.fid-5e0b4e14_192281f7d42_2d0f,66105,APARCABICIS_312,Esq. con Cl. Jerez Perchet,"CALLE ALCALDE NICOLÁS MAROTO, 18 ",POINT (373515.036421856 4068009.97112053),,,,,,MUNICIPAL,No,No,8,1987
da_aparcamientosBici.fid-5e0b4e14_192281f7d42_2d10,65988,APARCABICIS_206,Junto a Oficina de Turismo.,"PLAZA DE LA MARINA, 11 ",POINT (373151.817951465 4064471.83316786),,,,,,MUNICIPAL,No,No,16,1987
da_aparcamientosBici.fid-5e0b4e14_192281f7d42_2d11,66005,APARCABICIS_233,Puerta del Conservatorio de Música Manuel Carra.,"AVENIDA DE JACINTO BENAVENTE, 13 ",POINT (372830.699844618 4068077.44835446),,,,,,MUNICIPAL,No,No,4,1987
da_aparcamientosBici.fid-5e0b4e14_192281f7d42_2d12,65974,APARCABICIS_051,A la altura del Polideportivo la Mosca,"CALLE EUCALIPTUS, 18 ",POINT (377574.72770875 4065644.0585491),,,,,,MUNICIPAL,No,No,4,1987
da_aparcamientosBici.fid-5e0b4e14_192281f7d42_2d13,66000,APARCABICIS_072,Esquina c/ Quiteria.,"CALLE LÁGRIMA, 8 ",POINT (373578.795159725 4067666.21906543),,,,,,MUNICIPAL,No,No,4,1987
da_aparcamientosBici.fid-5e0b4e14_192281f7d42_2d14,66085,APARCABICIS_295,Esq. con Cl. Antonio Jiménez Ruiz,"CALLE DIEGO DE VERGARA, 6 ",POINT (371909.095363498 4064989.34593081),,,,,,MUNICIPAL,No,No,6,1987
da_aparcamientosBici.fid-5e0b4e14_192281f7d42_2d15,66088,APARCABICIS_298,Esq. Cl. Peinado,"CALLE EDUARDO DOMÍNGUEZ ÁVILA, 19 ",POINT (373063.643026174 4065994.5453474),,,,,,MUNICIPAL,No,No,10,1987
da_aparcamientosBici.fid-5e0b4e14_192281f7d42_2d16,66123,APARCABICIS_325,Esq. Plaza Cristo del Amor,"CALLE FERNANDO EL CATÓLICO, 2 ",POINT (373759.647658538 4065765.90348837),,,,,,MUNICIPAL,No,No,4,1987
da_aparcamientosBici.fid-5e0b4e14_192281f7d42_2d17,65939,APARCABICIS_034,Esquina con Walt Whitman junto Edificio negro.,"CALLE DEL VOLUNTARIADO MALAGUEÑO, 3 ",POINT (371895.680008419 4064253.62242316),,,,,,MUNICIPAL,No,No,10,1987
da_aparcamientosBici.fid-5e0b4e14_192281f7d42_2d18,65976,APARCABICIS_174,Esquina con c/ San Jorge.,"CALLE DUQUE DE RIVAS, 28 ",POINT (372815.449219483 4065719.27270971),,,,,,MUNICIPAL,No,No,4,1987
da_aparcamientosBici.fid-5e0b4e14_192281f7d42_2d19,65876,APARCABICIS_328,Esq. C/ Natalia,"CALLE CATALUÑA, 9 ",POINT (372030.999829348 4065111.99978313),,,,,,MUNICIPAL,No,No,4,1987
da_aparcamientosBici.fid-5e0b4e14_192281f7d42_2d1a,66008,APARCABICIS_185,Esquina Avenida Barcelona.,"CALLE CALZADA DE LA TRINIDAD, 1 ",POINT (372162.228855539 4065292.92673368),,,,,,MUNICIPAL,No,No,6,1987
da_aparcamientosBici.fid-5e0b4e14_192281f7d42_2d1b,66023,APARCABICIS_220,Junto al Campo de Fútbol,"CALLE LA ARGENTINITA, 6 ",POINT (370903.745543407 4065185.75702395),,,,,,MUNICIPAL,No,No,4,1987
da_aparcamientosBici.fid-5e0b4e14_192281f7d42_2d1c,66041,APARCABICIS_221,Frente a la Ciudad de la Justicia,"CALLE FISCAL LUIS PORTERO GARCÍA, 11 ",POINT (369549.603975397 4064322.15079086),,,,,,MUNICIPAL,No,No,8,1987
da_aparcamientosBici.fid-5e0b4e14_192281f7d42_2d1d,66019,APARCABICIS_203,Puerta del Colegio Manolo Garvayo,"CALLE ENCARNACIÓN FONTIVEROS, 4 ",POINT (370702.135740221 4065499.73631764),,,,,,MUNICIPAL,No,No,8,1987
da_aparcamientosBici.fid-5e0b4e14_192281f7d42_2d1e,65946,APARCABICIS_108,A la altura de la Biblioteca Manuel Altolaguirre,"CALLE CALATRAVA, 8 ",POINT (371584.698464737 4064064.55307772),,,,,,MUNICIPAL,No,No,4,1987
da_aparcamientosBici.fid-5e0b4e14_192281f7d42_2d1f,65920,APARCABICIS_038,Esquina con c/ Ejido,"PLAZA DEL MAESTRO ARTOLA, 3 ",POINT (373341.153769862 4065767.22849721),,,,,,MUNICIPAL,No,No,8,1987
da_aparcamientosBici.fid-5e0b4e14_192281f7d42_2d20,65967,APARCABICIS_092,Esq. con Cl. Antonio Romero,"CALLE FÉLIX CORRALES, 7 ",POINT (371487.494434637 4065294.15946623),,,,,,MUNICIPAL,No,No,6,1987
da_aparcamientosBici.fid-5e0b4e14_192281f7d42_2d21,65924,APARCABICIS_160,Esquina con c/ Hilera,"CALLE ARMENGUAL DE LA MOTA, 8 ",POINT (372357.731071217 4064547.80152877),,,,,,MUNICIPAL,No,No,8,1987
da_aparcamientosBici.fid-5e0b4e14_192281f7d42_2d22,66092,APARCABICIS_302,Esq. Cl. Armengual de la Mota,"CALLE ARMENGUAL DE LA MOTA, 8 ",POINT (372366.128102983 4064548.65156659),,,,,,MUNICIPAL,No,No,8,1987
da_aparcamientosBici.fid-5e0b4e14_192281f7d42_2d23,65954,APARCABICIS_131,Frente c/ Diamantino García Acosta,"CALLE LUIS BARAHONA DE SOTO, 11 ",POINT (370901.565672633 4061793.63174792),,,,,,MUNICIPAL,No,No,12,1987
da_aparcamientosBici.fid-5e0b4e14_192281f7d42_2d24,65953,APARCABICIS_130,Frente I.E.S. Emilio Prados,"CALLE LUIS BARAHONA DE SOTO, 18 ",POINT (370749.440589847 4061592.11601545),,,,,,MUNICIPAL,No,No,8,1987
da_aparcamientosBici.fid-5e0b4e14_192281f7d42_2d25,65949,APARCABICIS_125,Esquina con Camino de la Térmica,"AVENIDA DE LOS GUINDOS, 46 ",POINT (370761.289603223 4061518.9224333),,,,,,MUNICIPAL,No,No,8,1987
da_aparcamientosBici.fid-5e0b4e14_192281f7d42_2d26,65911,APARCABICIS_135,Esquina con Gta. Antonio Molina,"GLORIETA ANTONIO MOLINA, 1 ",POINT (371730.198406006 4062548.64438878),,,,,,MUNICIPAL,No,No,4,1987
da_aparcamientosBici.fid-5e0b4e14_192281f7d42_2d27,66036,APARCABICIS_215,Junto aparatos de gimnasia,"GLORIETA ANTONIO MOLINA, 1 ",POINT (371753.465811727 4062585.11647307),,,,,,MUNICIPAL,No,No,4,1987
da_aparcamientosBici.fid-5e0b4e14_192281f7d42_2d28,66037,APARCABICIS_216,Glorieta Antonio Molina,"GLORIETA ANTONIO MOLINA, 1 ",POINT (371742.438923765 4062570.74554696),,,,,,MUNICIPAL,No,No,8,1987
da_aparcamientosBici.fid-5e0b4e14_192281f7d42_2d29,65907,APARCABICIS_112,Frente al C.E.P Pablo Ruiz Picasso,"CALLE HONDURAS, 6 ",POINT (371839.794827993 4064809.85847611),,,,,,MUNICIPAL,No,No,4,1987
da_aparcamientosBici.fid-5e0b4e14_192281f7d42_2d2a,66074,APARCABICIS_284,Esquina con Cl. Miguel Carrera,"CALLE MIGUEL CARRERA, 30 ",POINT (368875.992401043 4065212.61684381),,,,,,MUNICIPAL,No,No,8,1987
da_aparcamientosBici.fid-5e0b4e14_192281f7d42_2d2b,66021,APARCABICIS_213,Esq. con Cl. O'donnell,"CALLE JUAN FERNÁNDEZ SÚRIA, 9 ",POINT (371516.26229823 4065014.98788746),,,,,,MUNICIPAL,No,No,8,1987
da_aparcamientosBici.fid-5e0b4e14_192281f7d42_2d2c,74268,APARCABICIS_889,"Calle cuarteles, 31","CALLE CUARTELES, 31 ",POINT (372432.731969422 4064042.07035963),,,,,,MUNICIPAL,No,No,4,1987
da_aparcamientosBici.fid-5e0b4e14_192281f7d42_2d2d,65986,APARCABICIS_200,Esquina c/ Jacinto Verdaguer.,"CALLE CUARTELES, 49 ",POINT (372316.465114268 4063908.36178713),,,,,,MUNICIPAL,No,No,10,1987
da_aparcamientosBici.fid-5e0b4e14_192281f7d42_2d2e,66020,APARCABICIS_212,Esquina con Cl. Martínez de la Rosa,"CALLE MORALES VILLARRUBIA, 26 ",POINT (371521.725712791 4065497.70660764),,,,,,MUNICIPAL,No,No,6,1987
da_aparcamientosBici.fid-5e0b4e14_192281f7d42_2d2f,65929,APARCABICIS_064,A la altura del Tintero,"CALLE PLAYA DEL CHANQUETE, 97 ",POINT (379645.624681462 4064291.41588322),,,,,,MUNICIPAL,No,No,8,1987
da_aparcamientosBici.fid-5e0b4e14_192281f7d42_2d30,66103,APARCABICIS_240,Esq. con Cl. Alcalde Madorel Perea,"AVENIDA DE SANTIAGO RAMÓN Y CAJAL, 33 ",POINT (372923.545829494 4067247.17495495),,,,,,MUNICIPAL,No,No,6,1987
da_aparcamientosBici.fid-5e0b4e14_192281f7d42_2d31,66053,APARCABICIS_263,A la altura del número 14,"AVENIDA DE SANTIAGO RAMÓN Y CAJAL, 24 ",POINT (372899.388805964 4066835.64036543),,,,,,MUNICIPAL,No,No,8,1987
da_aparcamientosBici.fid-5e0b4e14_192281f7d42_2d32,66007,APARCABICIS_237,Frente a nº 91.,"AVENIDA DE SANTIAGO RAMÓN Y CAJAL, 91 ",POINT (372972.224041735 4067608.30112001),,,,,,MUNICIPAL,No,No,6,1987
da_aparcamientosBici.fid-5e0b4e14_192281f7d42_2d33,66102,APARCABICIS_239,Esq. con Pasaje Alcalde Peña Rodríguez,"AVENIDA DE SANTIAGO RAMÓN Y CAJAL, 11 ",POINT (372885.602085914 4066971.55273476),,,,,,MUNICIPAL,No,No,12,1987
da_aparcamientosBici.fid-5e0b4e14_192281f7d42_2d34,66104,APARCABICIS_309,Esq. Pasaje Francisco Blanca Mora,"AVENIDA DE SANTIAGO RAMÓN Y CAJAL, 7 ",POINT (372875.190742098 4066914.0069078),,,,,,MUNICIPAL,No,No,6,1987
da_aparcamientosBici.fid-5e0b4e14_192281f7d42_2d35,66009,APARCABICIS_188,Junto al Colegio.,"CALLE PLAYA VIRGINIA, 1 ",POINT (379369.739738931 4064494.88227235),,,,,,MUNICIPAL,No,No,8,1987
da_aparcamientosBici.fid-5e0b4e14_192281f7d42_2d36,65905,APARCABICIS_148,Esquina con c/ Toril,"CALLE DE LA VEGA, 33 ",POINT (365852.622590118 4059074.67400109),,,,,,MUNICIPAL,No,No,8,1987
da_aparcamientosBici.fid-5e0b4e14_192281f7d42_2d37,66006,APARCABICIS_234,Esquina Cl. Doctor Peralta Almagro.,"AVENIDA DE SANTIAGO RAMÓN Y CAJAL, 41 ",POINT (372938.590724644 4067352.14403824),,,,,,MUNICIPAL,No,No,6,1987
da_aparcamientosBici.fid-5e0b4e14_192281f7d42_2d38,66066,APARCABICIS_272,A la altura del número 4,"CALLE DÁNVILA Y COLLADO, 6 ",POINT (378705.186357763 4064615.67082353),,,,,,MUNICIPAL,No,No,8,1987
da_aparcamientosBici.fid-5e0b4e14_192281f7d42_2d39,66063,APARCABICIS_270,,"CALLE PALESTINA, 7 ",POINT (371358.579553772 4064550.20244254),,,,,,MUNICIPAL,No,No,8,1987
da_aparcamientosBici.fid-5e0b4e14_192281f7d42_2d3a,65951,APARCABICIS_128,Esquina con Cl. Conejito de Málaga,"CALLE CONEJITO DE MÁLAGA, 3 ",POINT (370202.219312344 4062461.42340361),,,,,,MUNICIPAL,No,No,10,1987
da_aparcamientosBici.fid-5e0b4e14_192281f7d42_2d3b,66068,APARCABICIS_275,A la altura del número 7,"CALLE MALPICA, 9 ",POINT (372346.525918745 4064186.7621556),,,,,,MUNICIPAL,No,No,8,1987
da_aparcamientosBici.fid-5e0b4e14_192281f7d42_2d3c,65985,APARCABICIS_199,Esquina c/ Dos Aceras.,"CALLE REFINO, 28 ",POINT (373180.597099279 4065461.07868531),,,,,,MUNICIPAL,No,No,8,1987
da_aparcamientosBici.fid-5e0b4e14_192281f7d42_2d3d,66040,APARCABICIS_204,Junto al CEIP Cayetano Bolívar,"CALLE DEL ROMERO, 2 ",POINT (359701.794433044 4066330.25323826),,,,,,MUNICIPAL,No,No,8,1987
da_aparcamientosBici.fid-5e0b4e14_192281f7d42_2d3e,65878,APARCABICIS_330,,"CAMINO DEL CORCEL, 20 ",POINT (371094.999918997 4069707.99981212),,,,,,MUNICIPAL,No,No,5,1987
da_aparcamientosBici.fid-5e0b4e14_192281f7d42_2d3f,66001,APARCABICIS_080,Esquina Av. Jacinto Benavente.,"GLORIETA JOSÉ GASPAR ANAYA MUÑOZ, 2 ",POINT (372892.008334431 4068074.98286249),,,,,,MUNICIPAL,No,No,4,1987
da_aparcamientosBici.fid-5e0b4e14_192281f7d42_2d40,65973,APARCABICIS_047,"Frente a calle Ateneo, nº 106","PASEO MARÍTIMO EL PEDREGAL, 106 ",POINT (377948.034744106 4064570.84700165),,,,,,MUNICIPAL,No,No,8,1987
da_aparcamientosBici.fid-5e0b4e14_192281f7d42_2d41,65901,APARCABICIS_059,Esquina con Cl. Padre Lerchundi,"CALLE PRACTICANTE FERNÁNDEZ ALCOLEA, 72 ",POINT (378915.364172418 4064599.44697726),,,,,,MUNICIPAL,No,No,4,1987
da_aparcamientosBici.fid-5e0b4e14_192281f7d42_2d42,65919,APARCABICIS_032,Esquina con Plaza del Teatro,"PLAZA DEL TEATRO, 8 ",POINT (373094.21450863 4065125.14400396),,,,,,MUNICIPAL,No,No,10,1987
da_aparcamientosBici.fid-5e0b4e14_192281f7d42_2d43,65995,APARCABICIS_176,Esquina c/ Practicante Fernández Alcolea.,"CALLE MAR, 16 ",POINT (378629.004511979 4064673.3403719),,,,,,MUNICIPAL,No,No,4,1987
da_aparcamientosBici.fid-5e0b4e14_192281f7d42_2d44,65969,APARCABICIS_173,Esq. con Cl. Árbol Blanco (Biblioteca),"CALLE ÁRBOL BLANCO, 19 ",POINT (365792.606336459 4058840.21857127),,,,,,MUNICIPAL,No,No,8,1987
da_aparcamientosBici.fid-5e0b4e14_192281f7d42_2d45,65891,APARCABICIS_010,Esquina con Av.de Cervantes. ,"CALLE ROMA, 2 ",POINT (373675.427274891 4064766.33677073),,,,,,MUNICIPAL,No,No,10,1987
da_aparcamientosBici.fid-5e0b4e14_192281f7d42_2d46,66084,APARCABICIS_294,Pl. Pepe Mena,"CALLE OLLERÍAS, 55 ",POINT (372933.427493758 4065411.8176378),,,,,,MUNICIPAL,No,No,8,1987
da_aparcamientosBici.fid-5e0b4e14_192281f7d42_2d47,65972,APARCABICIS_045,Esquina con Camino Viejo de Vélez,"CARRETERA DE OLÍAS, 60 ",POINT (379656.448117127 4064896.61224774),,,,,,MUNICIPAL,No,No,8,1987
da_aparcamientosBici.fid-5e0b4e14_192281f7d42_2d48,65926,APARCABICIS_054,A la altura del I.E.S. Mediterráneo,"CALLE IDUMEA, 4 ",POINT (379139.18901806 4064873.96248844),,,,,,MUNICIPAL,No,No,4,1987
da_aparcamientosBici.fid-5e0b4e14_192281f7d42_2d49,66090,APARCABICIS_301,Esq. Cl. San Lucas Mayor,"CALLE AMARGURA, 58 ",POINT (373982.600710402 4065830.15828001),,,,,,MUNICIPAL,No,No,8,1987
da_aparcamientosBici.fid-5e0b4e14_192281f7d42_2d4a,65994,APARCABICIS_165,Esquina con Cl. Pintor Dámaso Ruano.,"CALLE PRACTICANTE FERNÁNDEZ ALCOLEA, 90 ",POINT (378990.050459919 4064590.44411531),,,,,,MUNICIPAL,No,No,8,1987
da_aparcamientosBici.fid-5e0b4e14_192281f7d42_2d4b,66015,APARCABICIS_056,Nº 34.,"CALLE MARTÍNEZ FALERO, 34 ",POINT (378898.482837426 4064779.26063043),,,,,,MUNICIPAL,No,No,4,1987
da_aparcamientosBici.fid-5e0b4e14_192281f7d42_2d4c,65971,APARCABICIS_044,A la altura de OMAU,"CAMINO DE LA DESVIACIÓN, 18 ",POINT (376429.157013337 4065088.4191086),,,,,,MUNICIPAL,No,No,6,1987
da_aparcamientosBici.fid-5e0b4e14_192281f7d42_2d4d,66054,APARCABICIS_261,A la altura del número 31,"CALLE LAS MORERAS, 31 ",POINT (373434.426854267 4067444.87690127),,,,,,MUNICIPAL,No,No,6,1987
da_aparcamientosBici.fid-5e0b4e14_192281f7d42_2d4e,65900,APARCABICIS_022,A la altura del Polideportivo Trinidad,"CALLE MALASAÑA, 4 ",POINT (372556.324369685 4065140.29674823),,,,,,MUNICIPAL,No,No,4,1987
da_aparcamientosBici.fid-5e0b4e14_192281f7d42_2d4f,66065,APARCABICIS_273,Esquina Plaza Eduardo Dato,"CALLE JOSÉ CANALEJAS, 5 ",POINT (371734.575151902 4065830.95251664),,,,,,MUNICIPAL,No,No,8,1987
da_aparcamientosBici.fid-5e0b4e14_192281f7d42_2d50,66119,APARCABICIS_321,,"CALLE MORENO NIETO, 8 ",POINT (371695.739521513 4065883.31725712),,,,,,MUNICIPAL,No,No,8,1987
da_aparcamientosBici.fid-5e0b4e14_192281f7d42_2d51,65937,APARCABICIS_015,Frente salida estación.,"CALLE EXPLANADA DE LA ESTACIÓN, 3 ",POINT (372175.097834897 4063902.54060231),,,,,,MUNICIPAL,No,No,12,1987
da_aparcamientosBici.fid-5e0b4e14_192281f7d42_2d52,65942,APARCABICIS_104,A la altura del Complejo Deportivo de Carranque,"AVENIDA DE SANTA ROSA DE LIMA, 5 ",POINT (370615.05377645 4064942.80339637),,,,,,MUNICIPAL,No,No,4,1987
da_aparcamientosBici.fid-5e0b4e14_192281f7d42_2d53,65898,APARCABICIS_121,A la altura del Estadio de Atletismo.,"AVENIDA ALICIA DE LARROCHA, 2 ",POINT (369728.558214531 4060646.63827353),,,,,,MUNICIPAL,No,No,8,1987
da_aparcamientosBici.fid-5e0b4e14_192281f7d42_2d54,66012,APARCABICIS_168,Frente a los jardines,"CALLE DE TESEO, 14 ",POINT (368036.935440061 4064916.59196675),,,,,,MUNICIPAL,No,No,14,1987
da_aparcamientosBici.fid-5e0b4e14_192281f7d42_2d55,65970,APARCABICIS_037,,"PLAZA EJIDO, 1 ",POINT (373253.294609447 4065635.21065807),,,,,,MUNICIPAL,No,No,8,1987
da_aparcamientosBici.fid-5e0b4e14_192281f7d42_2d56,66059,APARCABICIS_267,A la altura del número 26,"CALLE PAQUIRO, 26 ",POINT (368943.794231139 4062499.83130879),,,,,,MUNICIPAL,No,No,8,1987
da_aparcamientosBici.fid-5e0b4e14_192281f7d42_2d57,66060,APARCABICIS_266,A la altura del número 14,"CALLE PAQUIRO, 1 ",POINT (369163.768745178 4062545.51328374),,,,,,MUNICIPAL,No,No,8,1987
da_aparcamientosBici.fid-5e0b4e14_192281f7d42_2d58,66076,APARCABICIS_278,A la altura del número 1,"PLAZA DE LA LUZ, 1 ",POINT (370191.790192465 4062145.04526407),,,,,,MUNICIPAL,No,No,6,1987
da_aparcamientosBici.fid-5e0b4e14_192281f7d42_2d59,66050,APARCABICIS_256,Esquina con Cl. Canales,"CALLE CANALES, 10 ",POINT (372521.094750232 4063791.46393599),,,,,,MUNICIPAL,No,No,8,1987
da_aparcamientosBici.fid-5e0b4e14_192281f7d42_2d5a,65950,APARCABICIS_126,En el parque.,"CALLE NIÑO DEL MUSEO, 3 ",POINT (370605.092722249 4062540.27865294),,,,,,MUNICIPAL,No,No,8,1987
da_aparcamientosBici.fid-5e0b4e14_192281f7d42_2d5b,66078,APARCABICIS_280,Esquina c/ Niño del Museo,"CALLE NIÑO DEL MUSEO, 14 ",POINT (370574.653942181 4062609.84502381),,,,,,MUNICIPAL,No,No,8,1987
da_aparcamientosBici.fid-5e0b4e14_192281f7d42_2d5c,66096,APARCABICIS_306,Esq. Benjamín Franklin,"CALLE DE CRISTÓBAL DE VILLALÓN, 11 ",POINT (370072.539672981 4063725.64322841),,,,,,MUNICIPAL,No,No,6,1987
da_aparcamientosBici.fid-5e0b4e14_192281f7d42_2d5d,66087,APARCABICIS_297,Esq. Cl Maestro Pablo Luna,"CALLE SONDALEZAS, 20 ",POINT (371180.72733463 4065399.08435096),,,,,,MUNICIPAL,No,No,10,1987
da_aparcamientosBici.fid-5e0b4e14_192281f7d42_2d5e,66097,APARCABICIS_307,Junto a estación de Metro,"CALLE SANTA MARTA, 8 ",POINT (371349.308155672 4063808.66462721),,,,,,MUNICIPAL,No,No,8,1987
da_aparcamientosBici.fid-5e0b4e14_192281f7d42_2d5f,65894,APARCABICIS_136,,"CALLE TOMÁS ECHEVERRÍA, 6 ",POINT (371852.999860123 4062970.99980584),,,,,,MUNICIPAL,No,No,8,1987
da_aparcamientosBici.fid-5e0b4e14_192281f7d42_2d60,66024,APARCABICIS_110,,"CALLE CONDE DE GUADALHORCE, 17 ",POINT (371156.583622935 4064133.80073022),,,,,,MUNICIPAL,No,No,8,1987
da_aparcamientosBici.fid-5e0b4e14_192281f7d42_2d61,65889,APARCABICIS_341,Puerta I.E.S Huelin,"CALLE TOMÁS ECHEVERRÍA, 4 ",POINT (371752.999890219 4063034.00052281),,,,,,MUNICIPAL,No,No,8,1987
da_aparcamientosBici.fid-5e0b4e14_192281f7d42_2d62,66080,APARCABICIS_282,A la altura del número 4,"CALLE CRISTOBALINA FERNÁNDEZ, 4 ",POINT (362776.974242561 4065249.68366956),,,,,,MUNICIPAL,No,No,8,1987
da_aparcamientosBici.fid-5e0b4e14_192281f7d42_2d63,66116,APARCABICIS_317,Junto a instalaciones deportivas,"CALLE DECANO EDUARDO PALANCA, 6 ",POINT (364791.475461109 4059209.31109273),,,,,,MUNICIPAL,No,No,8,1987
da_aparcamientosBici.fid-5e0b4e14_192281f7d42_2d64,66108,APARCABICIS_245,Junto a edificio de Consejería de Hacienda,"PLAZA DE SAN JUAN DE LA CRUZ, 4 ",POINT (371992.077144843 4064565.22457075),,,,,,MUNICIPAL,No,No,8,1987
da_aparcamientosBici.fid-5e0b4e14_192281f7d42_2d65,65955,APARCABICIS_133,Inacua.,"CALLE MARILYN MONROE, 8 ",POINT (369999.944903147 4060408.65809225),,,,,,MUNICIPAL,No,No,12,1987
da_aparcamientosBici.fid-5e0b4e14_192281f7d42_2d66,65992,APARCABICIS_230,Esquina c/ Rosario.,"CALLE CRUZ DEL MOLINILLO, 15 ",POINT (372891.675620748 4065511.41645957),,,,,,MUNICIPAL,No,No,8,1987
da_aparcamientosBici.fid-5e0b4e14_192281f7d42_2d67,65879,APARCABICIS_331,,"ALAMEDA PRINCIPAL, 2 ",POINT (373050.999861923 4064538.00042411),,,,,,MUNICIPAL,No,No,5,1987
da_aparcamientosBici.fid-5e0b4e14_192281f7d42_2d68,65880,APARCABICIS_332,,"ALAMEDA PRINCIPAL, 2 ",POINT (373045.99999922 4064538.00026069),,,,,,MUNICIPAL,No,No,5,1987
da_aparcamientosBici.fid-5e0b4e14_192281f7d42_2d69,66099,APARCABICIS_314,Esq. con Cl. Sondalezas,"PASAJE SONDALEZAS, 2 ",POINT (371341.345059693 4065031.81988239),,,,,,MUNICIPAL,No,No,10,1987
da_aparcamientosBici.fid-5e0b4e14_192281f7d42_2d6a,65881,APARCABICIS_333,,"ALAMEDA PRINCIPAL, 51 ",POINT (372738.999756586 4064407.99997217),,,,,,MUNICIPAL,No,No,5,1987
da_aparcamientosBici.fid-5e0b4e14_192281f7d42_2d6b,74290,APARCABICIS_1876,,"CALLE CONCEJAL MUÑOZ CERVÁN, 3 ",POINT (371373.543880892 4062372.26765591),,,,,,MUNICIPAL,No,No,8,1987
da_aparcamientosBici.fid-5e0b4e14_192281f7d42_2d6c,66095,APARCABICIS_305,Esq. con Cl. Carrión,"PLAZUELA CRISTO DE LA CRUCIFIXIÓN, 1 ",POINT (373273.574977216 4065514.95993734),,,,,,MUNICIPAL,No,No,6,1987
da_aparcamientosBici.fid-5e0b4e14_192281f7d42_2d6d,66069,APARCABICIS_276,A la altura del número 3,"CALLE POETA MUÑOZ ROJAS, 3 ",POINT (371799.270616493 4063764.18546616),,,,,,MUNICIPAL,No,No,8,1987
da_aparcamientosBici.fid-5e0b4e14_192281f7d42_2d6e,66048,APARCABICIS_255,A la altura del número 23,"CALLE ZARZAMORA, 22 ",POINT (366372.114635993 4067325.43118644),,,,,,MUNICIPAL,No,No,6,1987
da_aparcamientosBici.fid-5e0b4e14_192281f7d42_2d6f,66056,APARCABICIS_262,Esquina calle Doctor Jiménez Ruiz,"PASAJE SONDALEZAS, 12 ",POINT (371283.753069154 4065027.47090323),,,,,,MUNICIPAL,No,No,10,1987
da_aparcamientosBici.fid-5e0b4e14_192281f7d42_2d70,66042,APARCABICIS_241,Esquina con c/ Prosper Mérimée.,"CALLE DE SAINT-EXUPÉRY, 22 ",POINT (369857.149309696 4064478.36568289),,,,,,MUNICIPAL,No,No,12,1987
da_aparcamientosBici.fid-5e0b4e14_192281f7d42_2d71,65945,APARCABICIS_107,A la altura de la Comisaría de Policía,"PLAZA DE MANUEL AZAÑA, 3 ",POINT (370656.417788355 4064192.09975762),,,,,,MUNICIPAL,No,No,8,1987
da_aparcamientosBici.fid-5e0b4e14_192281f7d42_2d72,66071,APARCABICIS_287,A la altura del número 1,"CALLE VÍCTOR HUGO, 10 ",POINT (367730.763755321 4066745.14663801),,,,,,MUNICIPAL,No,No,6,1987
da_aparcamientosBici.fid-5e0b4e14_192281f7d42_2d73,66091,APARCABICIS_300,A la altura del CP Cupiana,"CALLE PORTALES DE LA VICTORIA, 22 ",POINT (362028.560061521 4063415.20780938),,,,,,MUNICIPAL,No,No,6,1987
da_aparcamientosBici.fid-5e0b4e14_192281f7d42_2d74,65961,APARCABICIS_146,Frente a c/ Josefa Morales,"CAMINO HUERTECILLA, 39 ",POINT (365356.626571676 4059690.72441308),,,,,,MUNICIPAL,No,No,12,1987
da_aparcamientosBici.fid-5e0b4e14_192281f7d42_2d75,66086,APARCABICIS_296,Esq. Cl. Poeta Concha Mendez,"CALLE SAN CAYETANO, 6 ",POINT (373616.160107373 4065463.2872891),,,,,,MUNICIPAL,No,No,12,1987
da_aparcamientosBici.fid-5e0b4e14_192281f7d42_2d76,65964,APARCABICIS_157,Esquina con Av. Editor Ángel Caffarena,"CALLE ROSA GARCÍA ASCOT, 28 ",POINT (368327.989175367 4065575.04733768),,,,,,MUNICIPAL,No,No,16,1987
da_aparcamientosBici.fid-5e0b4e14_192281f7d42_2d77,66109,APARCABICIS_127,Junto a oficinas municipales,"CALLE CONCEJAL MUÑOZ CERVÁN, 4 ",POINT (371447.036986415 4062332.50017866),,,,,,MUNICIPAL,No,No,32,1987
da_aparcamientosBici.fid-5e0b4e14_192281f7d42_2d78,65886,APARCABICIS_337,,"AVENIDA IMPERIO ARGENTINA, 21 ",POINT (370200.99979751 4060589.00064627),,,,,,MUNICIPAL,No,No,5,1987
da_aparcamientosBici.fid-5e0b4e14_192281f7d42_2d79,65925,APARCABICIS_043,A la altura de la Escuela de Español para extranjeros de la UMA.,"AVENIDA DE LA ESTACIÓN DE EL PALO, 4 ",POINT (378421.449440509 4064743.38398604),,,,,,MUNICIPAL,No,No,6,1987
da_aparcamientosBici.fid-5e0b4e14_192281f7d42_2d7a,66057,APARCABICIS_254,Intersección Paseo de Reding,"PASEO DE REDING, 45 ",POINT (374229.238285891 4064836.08353052),,,,,,MUNICIPAL,No,No,8,1987
da_aparcamientosBici.fid-5e0b4e14_192281f7d42_2d7b,65928,APARCABICIS_055,Frente a c/ Pintor Martínez Cubells.,"CALLE MANUEL DE PALACIO, 14 ",POINT (377607.0257943 4065258.81641793),,,,,,MUNICIPAL,No,No,6,1987
da_aparcamientosBici.fid-5e0b4e14_192281f7d42_2d7c,65997,APARCABICIS_201,Junto a Colegio.,"CALLE ESCULTOR MARÍN HIGUERO, 4 ",POINT (378144.218756925 4064848.22372861),,,,,,MUNICIPAL,No,No,8,1987
da_aparcamientosBici.fid-5e0b4e14_192281f7d42_2d7d,66010,APARCABICIS_190,Frente a c/ Miguel Moya.,"CALLE ALONSO CARRILLO DE ALBORNOZ, 5 ",POINT (378464.250704476 4064752.57390373),,,,,,MUNICIPAL,No,No,8,1987
da_aparcamientosBici.fid-5e0b4e14_192281f7d42_2d7e,65981,APARCABICIS_194,Esquina con c/ Montaño.,"PLAZA DE MONTAÑO, 4 ",POINT (373150.50165745 4065365.09866717),,,,,,MUNICIPAL,No,No,8,1987
da_aparcamientosBici.fid-5e0b4e14_192281f7d42_2d7f,66058,APARCABICIS_265,A la altura de los números 43- 45,"CALLE ALMERÍA, 47 ",POINT (378893.712242401 4064738.82805014),,,,,,MUNICIPAL,No,No,8,1987
da_aparcamientosBici.fid-5e0b4e14_192281f7d42_2d80,65930,APARCABICIS_081,Frente al Cuartel de la Guardia Civil,"AVENIDA DEL ARROYO DE LOS ÁNGELES, 27 ",POINT (372185.260604669 4065705.46701001),,,,,,MUNICIPAL,No,No,8,1987
da_aparcamientosBici.fid-5e0b4e14_192281f7d42_2d81,65931,APARCABICIS_082,Esquina con c/ Blas de Lezo,"AVENIDA DEL ARROYO DE LOS ÁNGELES, 43 ",POINT (371979.292780475 4065805.87144192),,,,,,MUNICIPAL,No,No,4,1987
da_aparcamientosBici.fid-5e0b4e14_192281f7d42_2d82,65892,APARCABICIS_013,Av. COmandante Benítez esquina Puente del Pechel.,"AVENIDA DEL COMANDANTE BENÍTEZ, 8 ",POINT (372663.847581901 4064144.97313701),,,,,,MUNICIPAL,No,No,10,1987
da_aparcamientosBici.fid-5e0b4e14_192281f7d42_2d83,65936,APARCABICIS_083,Junto a  Hospital Materno Infantil.,"AVENIDA DEL ARROYO DE LOS ÁNGELES, 58 ",POINT (371988.787061139 4065831.96849724),,,,,,MUNICIPAL,No,No,6,1987
da_aparcamientosBici.fid-5e0b4e14_192281f7d42_2d84,65883,APARCABICIS_550,Av. Jorge Silvela frente C/ Fernando Loring,"AVENIDA DE JORGE SILVELA, 68 ",POINT (372799.000233479 4066443.00031035),,,,,,MUNICIPAL,No,No,3,1987
da_aparcamientosBici.fid-5e0b4e14_192281f7d42_2d85,66110,APARCABICIS_246,Esq. con Paseo Antonio Machado,"PASEO DE ANTONIO MACHADO, 56 ",POINT (372002.044126188 4062967.65715832),,,,,,MUNICIPAL,No,No,8,1987
da_aparcamientosBici.fid-5e0b4e14_192281f7d42_2d86,65874,APARCABICIS_326,Esq. Av. Manuel Agustín Heredia,"AVENIDA DE MANUEL AGUSTÍN HEREDIA, 26 ",POINT (372827.99962588 4064042.00037181),,,,,,MUNICIPAL,No,No,5,1987
da_aparcamientosBici.fid-5e0b4e14_192281f7d42_2d87,65933,APARCABICIS_089,Esquina con c/ Nuestra Señora de los Clarines,"AVENIDA DEL ARROYO DE LOS ÁNGELES, 95 ",POINT (371690.909990416 4066065.42520367),,,,,,MUNICIPAL,No,No,6,1987
da_aparcamientosBici.fid-5e0b4e14_192281f7d42_2d88,65923,APARCABICIS_142,Esquina con Cl. Ingeniero José Mª Garnica,"PASEO DE ANTONIO MACHADO, 12 ",POINT (372501.444808986 4063643.80910809),,,,,,MUNICIPAL,No,No,20,1987
da_aparcamientosBici.fid-5e0b4e14_192281f7d42_2d89,66033,APARCABICIS_195,Esq. con Cl. Gongora,"PASEO DE ANTONIO MACHADO, 36 ",POINT (372350.377761179 4063462.67456873),,,,,,MUNICIPAL,No,No,8,1987
da_aparcamientosBici.fid-5e0b4e14_192281f7d42_2d8a,65912,APARCABICIS_004,Esquina con c/ Linaje,"ALAMEDA DE COLÓN, 7 ",POINT (372737.136859349 4064297.45479892),,,,,,MUNICIPAL,No,No,10,1987
da_aparcamientosBici.fid-5e0b4e14_192281f7d42_2d8b,66122,APARCABICIS_247,Frente Estación María Zambrano,"CALLE HÉROE DE SOSTOA, 1 ",POINT (372214.472397995 4063850.63003125),,,,,,MUNICIPAL,No,No,34,1987
da_aparcamientosBici.fid-5e0b4e14_192281f7d42_2d8c,66026,APARCABICIS_205,Esq. con Cl. Virgen de la Cabeza,"CALLE CORREGIDOR FRANCISCO DE MOLINA, 1 ",POINT (370685.803857149 4064088.08301757),,,,,,MUNICIPAL,No,No,8,1987
da_aparcamientosBici.fid-5e0b4e14_192281f7d42_2d8d,66107,APARCABICIS_244,Esq. con Av. Carlos Haya,"CALLE PEDRO ESPINOSA, 2 ",POINT (370483.738839199 4065074.72024107),,,,,,MUNICIPAL,No,No,4,1987
da_aparcamientosBici.fid-5e0b4e14_192281f7d42_2d8e,65914,APARCABICIS_014,A la altura de la Facultad de económicas,"CALLE EJIDO, 6 ",POINT (373382.696947164 4065615.65115026),,,,,,MUNICIPAL,No,No,8,1987
da_aparcamientosBici.fid-5e0b4e14_192281f7d42_2d8f,66079,APARCABICIS_281,Esquina c/ Virgen de Belen,"AVENIDA DE ISAAC PERAL, 21 ",POINT (369892.119541123 4062059.15781861),,,,,,MUNICIPAL,No,No,8,1987
da_aparcamientosBici.fid-5e0b4e14_192281f7d42_2d90,66083,APARCABICIS_293,A la altura del números 6-8,"CALLE GUADALETE, 6 ",POINT (371580.305470792 4062722.42058241),,,,,,MUNICIPAL,No,No,6,1987
da_aparcamientosBici.fid-5e0b4e14_192281f7d42_2d91,65934,APARCABICIS_090,Frente al Colegio de Gamarra,"CALLE DOCTOR ESCASSI, 4 ",POINT (371421.8716032 4065016.84982353),,,,,,MUNICIPAL,No,No,6,1987
da_aparcamientosBici.fid-5e0b4e14_192281f7d42_2d92,66055,APARCABICIS_264,Esquina calle Segismundo Moret,"CALLE MARQUÉS DE OVIECO, 12 ",POINT (371641.317026843 4065741.02885812),,,,,,MUNICIPAL,No,No,8,1987
da_aparcamientosBici.fid-5e0b4e14_192281f7d42_2d93,66064,APARCABICIS_271,A la altura del número 3,"CALLE CORREGIDOR PEDRO ZAPATA, 8 ",POINT (370261.731875638 4063853.15555464),,,,,,MUNICIPAL,No,No,8,1987
da_aparcamientosBici.fid-5e0b4e14_192281f7d42_2d94,65935,APARCABICIS_091,A la altura del Colegio de Gamarra,"CALLE JOSÉ MARÍA COOPELLO, 30 ",POINT (371487.915982013 4065342.35205667),,,,,,MUNICIPAL,No,No,6,1987
da_aparcamientosBici.fid-5e0b4e14_192281f7d42_2d95,66035,APARCABICIS_211,c/ Capulino Jaúregui,"PLAZA DE MURILLO CARRERA, 5 ",POINT (371794.632779552 4063204.00420086),,,,,,MUNICIPAL,No,No,10,1987
da_aparcamientosBici.fid-5e0b4e14_192281f7d42_2d96,66082,APARCABICIS_292,A la altura del número 17,"CALLE MAESTRO USANDIZAGA, 15 ",POINT (365607.566715934 4058468.67680525),,,,,,MUNICIPAL,No,No,6,1987
da_aparcamientosBici.fid-5e0b4e14_192281f7d42_2d97,65987,APARCABICIS_202,Esquina con Cl. San Rafael.,"CALLE SAN RAFAEL, 6 ",POINT (372718.01312407 4065143.71680667),,,,,,MUNICIPAL,No,No,8,1987
da_aparcamientosBici.fid-5e0b4e14_192281f7d42_2d98,66094,APARCABICIS_304,Esq. Cl. Nazareno del Paso,"CALLE NAZARENO DEL PASO, 1 ",POINT (372472.897224138 4064435.98613171),,,,,,MUNICIPAL,No,No,12,1987
da_aparcamientosBici.fid-5e0b4e14_192281f7d42_2d99,65932,APARCABICIS_087,Esquina con c/ Blas de Lezo,"AVENIDA DEL ARROYO DE LOS ÁNGELES, 47 ",POINT (371933.983947677 4065851.87188077),,,,,,MUNICIPAL,No,No,6,1987
da_aparcamientosBici.fid-5e0b4e14_192281f7d42_2d9a,66111,APARCABICIS_277,Junto a la Agencia Municipal de Asociaciones y del Voluntariado,"CALLE FRANCISCO JIMÉNEZ LOMAS, 11 ",POINT (370849.398175861 4061951.23650411),,,,,,MUNICIPAL,No,No,8,1987
da_aparcamientosBici.fid-5e0b4e14_192281f7d42_2d9b,66043,APARCABICIS_253,Frente al nº 76,"AVENIDA DE SALVADOR ALLENDE, 49 ",POINT (378574.989053345 4064612.30241507),,,,,,MUNICIPAL,No,No,6,1987
da_aparcamientosBici.fid-5e0b4e14_192281f7d42_2d9c,65983,APARCABICIS_197,Esquina Plaza Francisco Silvela.,"CALLE HURTADO DE MENDOZA, 19 ",POINT (373918.617468931 4065640.13568728),,,,,,MUNICIPAL,No,No,6,1987
da_aparcamientosBici.fid-5e0b4e14_192281f7d42_2d9d,65875,APARCABICIS_327,Esq. Cl. Poeta Narciso Franquelo Martínez,"CALLE POETA BERNARDO DE LA TORRE, 6 ",POINT (372260.492724424 4066070.15392991),,,,,,MUNICIPAL,No,No,4,1987
da_aparcamientosBici.fid-5e0b4e14_192281f7d42_2d9e,66011,APARCABICIS_166,Biblioteca,"AVENIDA DE EUROPA, 28 ",POINT (370942.578993435 4062892.46235573),,,,,,MUNICIPAL,No,No,12,1987
da_aparcamientosBici.fid-5e0b4e14_192281f7d42_2d9f,65947,APARCABICIS_115,Esquina con c/ Virgen de las Flores,"CALLE VIRGEN DE FLORES, 4 ",POINT (371108.879988818 4064609.94264957),,,,,,MUNICIPAL,No,No,6,1987
da_aparcamientosBici.fid-5e0b4e14_192281f7d42_2da0,65943,APARCABICIS_105,Esquina con c/ Simeón Jiménez Reyna,"CALLE INGENIERO DE LA TORRE ACOSTA, 5 ",POINT (371515.120192506 4064760.81186239),,,,,,MUNICIPAL,No,No,4,1987
da_aparcamientosBici.fid-5e0b4e14_192281f7d42_2da1,66098,APARCABICIS_308,Frente Cl. Compositor Lehmberg Ruiz,"CALLE HILERA, 8 ",POINT (372254.598543426 4064581.60738627),,,,,,MUNICIPAL,No,No,6,1987
da_aparcamientosBici.fid-5e0b4e14_192281f7d42_2da2,65890,APARCABICIS_342,,"CALLE LA UNIÓN, 68 ",POINT (371108.999732171 4063589.00022415),,,,,,MUNICIPAL,No,No,8,1987
da_aparcamientosBici.fid-5e0b4e14_192281f7d42_2da3,65956,APARCABICIS_137,I.E.S. Sata Bárbara,"AVENIDA DE EUROPA, 153 ",POINT (369515.475275822 4062093.3791773),,,,,,MUNICIPAL,No,No,8,1987
da_aparcamientosBici.fid-5e0b4e14_192281f7d42_2da4,65897,APARCABICIS_134,Palacio de Deportes José Mª Martín Carpena,"CALLE MIGUEL DE MÉRIDA NICOLICH, 2 ",POINT (369584.009612477 4060612.61260427),,,,,,MUNICIPAL,No,No,8,1987
da_aparcamientosBici.fid-5e0b4e14_192281f7d42_2da5,65906,APARCABICIS_140,Esq. con Cl. Villanueva de Tapia.,"CALLE VILLANUEVA DE ALGAIDAS, 14 ",POINT (369978.80387597 4061070.60019786),,,,,,MUNICIPAL,No,No,10,1987
da_aparcamientosBici.fid-5e0b4e14_192281f7d42_2da6,65940,APARCABICIS_096,A la altura de la Plaza Aparejador Federico Bermudez,"CALLE INGENIERO DE LA TORRE ACOSTA, 9 ",POINT (371442.252356292 4064886.43794736),,,,,,MUNICIPAL,No,No,4,1987
da_aparcamientosBici.fid-5e0b4e14_192281f7d42_2da7,65968,APARCABICIS_119,Junto a Colegio San José.,"CALLE VIRGEN DE FLORES, 23 ",POINT (371125.146855634 4064834.34125484),,,,,,MUNICIPAL,No,No,6,1987
da_aparcamientosBici.fid-5e0b4e14_192281f7d42_2da8,65882,APARCABICIS_336,C/ CORREGIDOR NICOLAS ISIDRO - ESQ. ALMOGIA,"CALLE CORREGIDOR NICOLÁS ISIDRO, 16 ",POINT (370196.999623012 4064232.0005862),,,,,,MUNICIPAL,No,No,5,1987
da_aparcamientosBici.fid-5e0b4e14_192281f7d42_2da9,66013,APARCABICIS_170,Esquina Cl. Navarro Ledesma,"CALLE ALICIA ALONSO, 2 ",POINT (367227.746232252 4065144.60628475),,,,,,MUNICIPAL,No,No,6,1987
da_aparcamientosBici.fid-5e0b4e14_192281f7d42_2daa,65944,APARCABICIS_106,Esquina con c/ Obispo Ángel Herrera Oria,"CALLE INGENIERO DE LA TORRE ACOSTA, 4 ",POINT (371657.323535331 4064593.11008459),,,,,,MUNICIPAL,No,No,4,1987
da_aparcamientosBici.fid-5e0b4e14_192281f7d42_2dab,65960,APARCABICIS_145,Esquina con c/ Conde Lucanor,"CALLE WILKINSON, 46 ",POINT (369502.552051744 4059167.29826677),,,,,,MUNICIPAL,No,No,8,1987
da_aparcamientosBici.fid-5e0b4e14_192281f7d42_2dac,65893,APARCABICIS_002,Esquina con Cl. Escultor Palma Burgos,"CALLE ESCULTOR PALMA BURGOS, 3 ",POINT (371601.945067229 4064415.48703209),,,,,,MUNICIPAL,No,No,8,1987
da_aparcamientosBici.fid-5e0b4e14_192281f7d42_2dad,66118,APARCABICIS_320,Esq. C/ Huerta del Obispo,"CALLE HUERTA DEL OBISPO, 10 ",POINT (372491.774418261 4064705.17759747),,,,,,MUNICIPAL,No,No,8,1987
da_aparcamientosBici.fid-5e0b4e14_192281f7d42_2dae,66101,APARCABICIS_258,,"CALLE BOLIVIA, 63 ",POINT (376957.340333701 4064878.30376977),,,,,,MUNICIPAL,No,No,8,1987
da_aparcamientosBici.fid-5e0b4e14_192281f7d42_2daf,66067,APARCABICIS_274,A la altura del  número 11,"CALLE DOCTOR GÁLVEZ MOLL, 11 ",POINT (372502.598952851 4066901.6898716),,,,,,MUNICIPAL,No,No,6,1987
da_aparcamientosBici.fid-5e0b4e14_192281f7d42_2db0,66052,APARCABICIS_260,Esquina Av. Cervantes,"AVENIDA DE CERVANTES, 2 ",POINT (373530.395999147 4064719.00077826),,,,,,MUNICIPAL,No,No,8,1987
da_aparcamientosBici.fid-5e0b4e14_192281f7d42_2db1,65979,APARCABICIS_191,Frente al Ayuntamiento.,"AVENIDA DE CERVANTES, 4 ",POINT (373649.024136046 4064749.20516785),,,,,,MUNICIPAL,No,No,8,1987
da_aparcamientosBici.fid-5e0b4e14_192281f7d42_2db2,66120,APARCABICIS_322,Esq. Calle Cervantes con Plaza de la Malagueta,"CALLE CERVANTES, 15 ",POINT (374079.447644797 4064594.06007974),,,,,,MUNICIPAL,No,No,10,1987
da_aparcamientosBici.fid-5e0b4e14_192281f7d42_2db3,66002,APARCABICIS_169,Junto a Colegio Rafael Alberti.,"CALLE DEL MARQUÉS DE MANTUA, 17 ",POINT (373676.00819719 4068092.98604193),,,,,,MUNICIPAL,No,No,4,1987
da_aparcamientosBici.fid-5e0b4e14_192281f7d42_2db4,65984,APARCABICIS_198,Esquina Av. Manuel Agustín Heredia.,"CALLE TOMÁS HEREDIA, 25 ",POINT (372955.000409924 4064193.00001731),,,,,,MUNICIPAL,No,No,6,1987
da_aparcamientosBici.fid-5e0b4e14_192281f7d42_2db5,65899,APARCABICIS_035,Paseo Marítimo frente a nº23,"PASEO MARÍTIMO CIUDAD DE MELILLA, 23 ",POINT (374009.719224612 4064487.45366358),,,,,,MUNICIPAL,No,No,6,1987
da_aparcamientosBici.fid-5e0b4e14_192281f7d42_2db6,65990,APARCABICIS_210,Avenida de la Rosaleda.,"AVENIDA DE LA ROSALEDA, 19 ",POINT (372701.867121759 4065265.23908667),,,,,,MUNICIPAL,No,No,8,1987
da_aparcamientosBici.fid-5e0b4e14_192281f7d42_2db7,65991,APARCABICIS_222,Esquina c/ Mármoles.,"CALLE PESO DE LA HARINA, 25 ",POINT (372212.437890527 4064916.789503),,,,,,MUNICIPAL,No,No,8,1987
da_aparcamientosBici.fid-5e0b4e14_192281f7d42_2db8,74269,APARCABICIS_590,Calle Alonso Cano esquina con Arroyo de los Angeles,"CALLE ALONSO CANO, 15 ",POINT (372376.461000716 4065612.97336869),,,,,,MUNICIPAL,No,No,3,1987
da_aparcamientosBici.fid-5e0b4e14_192281f7d42_2db9,66030,APARCABICIS_226,Esq. con Cl. Luis Braille,"CALLE MARTÍNEZ MALDONADO, 43 ",POINT (371851.185270654 4064927.96294624),,,,,,MUNICIPAL,No,No,4,1987
da_aparcamientosBici.fid-5e0b4e14_192281f7d42_2dba,66014,APARCABICIS_235,Esquina con Cl. Barrera de la Trinidad.,"PLAZA BAILÉN, 12 ",POINT (372158.685111511 4065211.20008795),,,,,,MUNICIPAL,No,No,4,1987
da_aparcamientosBici.fid-5e0b4e14_192281f7d42_2dbb,65887,APARCABICIS_339,,"CALLE CARRETERÍA, 30 ",POINT (372797.999947964 4065025.00012696),,,,,,MUNICIPAL,No,No,12,1987
da_aparcamientosBici.fid-5e0b4e14_192281f7d42_2dbc,66031,APARCABICIS_236,,"CALLE COMPOSITOR LEHMBERG RUIZ, 21 ",POINT (371832.850962326 4064602.40339597),,,,,,MUNICIPAL,No,No,8,1987
da_aparcamientosBici.fid-5e0b4e14_192281f7d42_2dbd,66112,APARCABICIS_291,Esq. con Cl. Emilio de la Cerda,"CALLE ALTAMIRA, 44 ",POINT (371594.046238627 4062822.41380622),,,,,,MUNICIPAL,No,No,6,1987
da_aparcamientosBici.fid-5e0b4e14_192281f7d42_2dbe,65903,APARCABICIS_111,A la altura del Centro de Servicios Sociales,"CALLE FERNÁNDEZ FERMINA, 7 ",POINT (371309.201259037 4064068.95931498),,,,,,MUNICIPAL,No,No,4,1987
da_aparcamientosBici.fid-5e0b4e14_192281f7d42_2dbf,66106,APARCABICIS_243,A la altura del Instituto Nacional de la S.S.,"CALLE HUÉSCAR, 12 ",POINT (372036.152493599 4064603.40227874),,,,,,MUNICIPAL,No,No,8,1987
da_aparcamientosBici.fid-5e0b4e14_192281f7d42_2dc0,65982,APARCABICIS_196,Esquina Cl. Álamos.,"CALLE ÁLAMOS, 30 ",POINT (373286.685881034 4065127.72944175),,,,,,MUNICIPAL,No,No,8,1987
da_aparcamientosBici.fid-5e0b4e14_192281f7d42_2dc1,65888,APARCABICIS_340,,"CALLE CARRETERÍA, 68 ",POINT (372956.000378906 4065165.00046429),,,,12,,MUNICIPAL,No,No,12,1987
da_aparcamientosBici.fid-5e0b4e14_192281f7d42_2dc2,65957,APARCABICIS_138,Frente a Cl. Concha Lagos,"CALLE CONCHA LAGOS, 2 ",POINT (370043.924226275 4060779.38499315),,,,,,MUNICIPAL,No,No,12,1987
da_aparcamientosBici.fid-5e0b4e14_192281f7d42_2dc3,65909,APARCABICIS_114,Esquina con Av. José Ortega y Gasset,"CALLE MAX ESTRELLA, 14 ",POINT (369167.116081163 4063388.18746825),,,,,,MUNICIPAL,No,No,10,1987
da_aparcamientosBici.fid-5e0b4e14_192281f7d42_2dc4,66075,APARCABICIS_285,Esquina calle Platino,"CALLE ESCRITORA MATILDE DEL NIDO, 2 ",POINT (367651.663301383 4066856.6704097),,,,,,MUNICIPAL,No,No,8,1987
da_aparcamientosBici.fid-5e0b4e14_192281f7d42_2dc5,66114,APARCABICIS_290,Esq. con Cl. Corregidor Horacio Coppola,"CALLE MANUEL RIVADENEYRA, 8 ",POINT (368903.346265267 4065417.92602833),,,,,,MUNICIPAL,No,No,8,1987
da_aparcamientosBici.fid-5e0b4e14_192281f7d42_2dc6,65913,APARCABICIS_009,Esquina con Plaza Religiosa Filipense Dolores Márquez,"CALLE CERROJO, 1 ",POINT (372614.465901523 4064758.44265861),,,,,,MUNICIPAL,No,No,10,1987
da_aparcamientosBici.fid-5e0b4e14_192281f7d42_2dc7,65980,APARCABICIS_192,Esquina con Alameda Principal.,"CALLE TOMÁS HEREDIA, 2 ",POINT (372871.602552166 4064418.95712315),,,,,,MUNICIPAL,No,No,8,1987
da_aparcamientosBici.fid-5e0b4e14_192281f7d42_2dc8,65896,APARCABICIS_139,Esquina con c/ La Crónica,"CALLE NUESTRA SEÑORA DE LAS CANDELAS, 13 ",POINT (370444.959907747 4061175.23805921),,,,,,MUNICIPAL,No,No,8,1987
da_aparcamientosBici.fid-5e0b4e14_192281f7d42_2dc9,66029,APARCABICIS_225,Esq. con Cl. Santa Elena,"CALLE MARTÍNEZ MALDONADO, 49 ",POINT (371807.173205337 4064929.73192235),,,,,,MUNICIPAL,No,No,8,1987
da_aparcamientosBici.fid-5e0b4e14_192281f7d42_2dca,66081,APARCABICIS_289,Esquina c/ Charles Dickens,"CALLE DEL DOCTOR MIGUEL DÍAZ RECIO, 22 ",POINT (369164.270062724 4065202.32199598),,,,,,MUNICIPAL,No,No,6,1987
da_aparcamientosBici.fid-5e0b4e14_192281f7d42_2dcb,66028,APARCABICIS_224,Frente a Biblioteca,"CALLE MARTÍNEZ MALDONADO, 71 ",POINT (371533.337498813 4064932.61876176),,,,,,MUNICIPAL,No,No,4,1987
da_aparcamientosBici.fid-5e0b4e14_192281f7d42_2dcc,65908,APARCABICIS_159,Esquina con Cl. Monseñor Carrillo Rubio,"CALLE MARTÍNEZ MALDONADO, 63 ",POINT (371669.911811645 4064921.19033582),,,,,,MUNICIPAL,No,No,4,1987
da_aparcamientosBici.fid-5e0b4e14_192281f7d42_2dcd,66072,APARCABICIS_286,Esquina con Cl. Ruiseñores,"CALLE RUISEÑORES, 19 ",POINT (367546.911079148 4066320.99705517),,,,,,MUNICIPAL,No,No,6,1987
da_aparcamientosBici.fid-5e0b4e14_192281f7d42_2dce,66025,APARCABICIS_179,Junto al colegio,"AVENIDA DE LA AURORA, 77 ",POINT (371287.456259691 4064204.734113),,,,,,MUNICIPAL,No,No,10,1987
da_aparcamientosBici.fid-5e0b4e14_192281f7d42_2dcf,66089,APARCABICIS_299,A la altura del Colegio Julio Caro Baroja,"CALLE CONDE LUCANOR, 13 ",POINT (369393.161281338 4059193.68555911),,,,,,MUNICIPAL,No,No,10,1987
da_aparcamientosBici.fid-5e0b4e14_192281f7d42_2dd0,65904,APARCABICIS_144,Esquina con Cl. Acacias de Guadalmar,"CALLE ACACIAS DE GUADALMAR, 2 ",POINT (369840.904081091 4058586.33014084),,,,,,MUNICIPAL,No,No,8,1987
da_aparcamientosBici.fid-5e0b4e14_192281f7d42_2dd1,66073,APARCABICIS_283,A la altura de la biblioteca Serafín Estebanez Calderón,"CALLE PILAR, 1 ",POINT (359994.206612953 4066317.91507942),,,,,,MUNICIPAL,No,No,6,1987
da_aparcamientosBici.fid-5e0b4e14_192281f7d42_2dd2,66039,APARCABICIS_189,Junta de Distrito,"CALLE IGNACIO SÁNCHEZ MEJÍAS, 6 ",POINT (362001.404851829 4065792.03434435),,,,,,MUNICIPAL,No,No,10,1987
da_aparcamientosBici.fid-5e0b4e14_192281f7d42_2dd3,65884,APARCABICIS_334,,"CALLE MAESTRO TOMÁS BRETÓN, 31 ",POINT (365647.000398252 4058422.00044177),,,,,,MUNICIPAL,No,No,10,1987
da_aparcamientosBici.fid-5e0b4e14_192281f7d42_2dd4,66047,APARCABICIS_250,,"PLAZA ENRIQUE GARCÍA-HERRERA, 7 ",POINT (372813.616966453 4064760.91708379),,,,,,MUNICIPAL,No,No,10,1987
da_aparcamientosBici.fid-5e0b4e14_192281f7d42_2dd5,66046,APARCABICIS_249,,"PLAZA ENRIQUE GARCÍA-HERRERA, 13 ",POINT (372791.594669927 4064703.65499511),,,,,,MUNICIPAL,No,No,10,1987
da_aparcamientosBici.fid-5e0b4e14_192281f7d42_2dd6,66045,APARCABICIS_251,,"PLAZA ENRIQUE GARCÍA-HERRERA, 16 ",POINT (372756.677853362 4064704.39611643),,,,,,MUNICIPAL,No,No,10,1987
da_aparcamientosBici.fid-5e0b4e14_192281f7d42_2dd7,66027,APARCABICIS_218,Esq. con Cl. Horacio Lengo,"AVENIDA DE LA AURORA, 65 ",POINT (371412.467963114 4064230.59551605),,,,,,MUNICIPAL,No,No,10,1987
da_aparcamientosBici.fid-5e0b4e14_192281f7d42_2dd8,65977,APARCABICIS_162,Esquina Av. Gregorio Prieto. (Estación de metro Ciudad de la Justicia),"BULEVAR LOUIS PASTEUR, 15 ",POINT (369206.341804395 4064574.8750933),,,,,,MUNICIPAL,No,No,4,1987
da_aparcamientosBici.fid-5e0b4e14_192281f7d42_2dd9,66017,APARCABICIS_097,Junto al Estadio de la Rosaleda,"AVENIDA DE LA PALMILLA, 1 ",POINT (372533.514137066 4066291.59895547),,,,,,MUNICIPAL,No,No,8,1987
da_aparcamientosBici.fid-5e0b4e14_192281f7d42_2dda,65922,APARCABICIS_063,Frente Escuela Turismo.,"PASEO DE SANCHA, 12 ",POINT (374615.090628406 4064906.42873942),,,,,,MUNICIPAL,No,No,10,1987
da_aparcamientosBici.fid-5e0b4e14_192281f7d42_2ddb,66003,APARCABICIS_219,Esquina Pasaje Francisco Blanca Mora.,"AVENIDA DE LA PALMILLA, 27 ",POINT (372678.005223485 4066920.81363523),,,,,,MUNICIPAL,No,No,6,1987
da_aparcamientosBici.fid-5e0b4e14_192281f7d42_2ddc,66016,APARCABICIS_231,Esquina Cl. Hermanos Álvarez Quintero,"CALLE HERMANOS ÁLVAREZ QUINTERO, 6 ",POINT (372904.025399056 4067928.33310913),,,,,,MUNICIPAL,No,No,6,1987
da_aparcamientosBici.fid-5e0b4e14_192281f7d42_2ddd,65962,APARCABICIS_149,Esquina con c/ Vega. (jardines),"PLAZA DE LA INMACULADA, 5 ",POINT (365683.472247238 4059281.67670823),,,,,,MUNICIPAL,No,No,4,1987
da_aparcamientosBici.fid-5e0b4e14_192281f7d42_2dde,74288,APARCABICIS_2119,"Camino de las Erizas, 3","CAMINO  DE LAS ERIZAS, 3 ",POINT (372061.205514202 4068268.81322655),,,,,,MUNICIPAL,No,No,5,1987
da_aparcamientosBici.fid-5e0b4e14_192281f7d42_2ddf,65948,APARCABICIS_120,Esquina Plaza Cruz de Humilladero,"CAMINO DE SAN RAFAEL, 4 ",POINT (371232.166358509 4063854.16460287),,,,,,MUNICIPAL,No,No,4,1987
da_aparcamientosBici.fid-5e0b4e14_192281f7d42_2de0,66100,APARCABICIS_313,,"CALLE PIRANDELLO, 16 ",POINT (369448.870042734 4064342.1070588),,,,,,MUNICIPAL,No,No,8,1987
da_aparcamientosBici.fid-5e0b4e14_192281f7d42_2de1,66038,APARCABICIS_223,Esquina c/ Emilio Prados,"AVENIDA DE SOR TERESA PRAT, 50 ",POINT (371208.44700226 4062248.53576926),,,,,,MUNICIPAL,No,No,4,1987
da_aparcamientosBici.fid-5e0b4e14_192281f7d42_2de2,66117,APARCABICIS_319,Esq. CMNO de lo Guindos,"CALLE REALENGA DE SAN LUIS, 13 ",POINT (370550.402628649 4061844.89867139),,,,,,MUNICIPAL,No,No,8,1987
da_aparcamientosBici.fid-5e0b4e14_192281f7d42_2de3,66077,APARCABICIS_279,,"AVENIDA DE SOR TERESA PRAT, 84 ",POINT (370882.964533253 4061510.42957911),,,,,,MUNICIPAL,No,No,6,1987
da_aparcamientosBici.fid-5e0b4e14_192281f7d42_2de4,66121,APARCABICIS_323,Esq. Cl. Viñas del Mar,"AVENIDA DE GREGORIO DIEGO, 5 ",POINT (370055.999631162 4061653.00032322),,,,,,MUNICIPAL,No,No,4,1987
da_aparcamientosBici.fid-5e0b4e14_192281f7d42_2de5,66034,APARCABICIS_207,Museo del Automóvil,"AVENIDA DE SOR TERESA PRAT, 15 ",POINT (371405.869553306 4062530.52103157),,,,,,MUNICIPAL,No,No,16,1987
da_aparcamientosBici.fid-5e0b4e14_192281f7d42_2de6,66032,APARCABICIS_187,Esquina Avda.Sor Teresa Prat,"AVENIDA DE SOR TERESA PRAT, 2 ",POINT (371450.639176321 4062762.87054538),,,,,,MUNICIPAL,No,No,10,1987
da_aparcamientosBici.fid-5e0b4e14_192281f7d42_2de7,66113,APARCABICIS_311,Junto al Colegio Los Guindos,"AVENIDA DE GREGORIO DIEGO, 41 ",POINT (370457.480729453 4061361.28395681),,,,,,MUNICIPAL,No,No,8,1987
da_aparcamientosBici.fid-5e0b4e14_192281f7d42_2de8,65938,APARCABICIS_025,A la altura de la Delegación de Medio Ambiente de la J.A.,"CALLE MAURICIO MORO PARETO, 4 ",POINT (371859.111685404 4064115.79171526),,,,,,MUNICIPAL,No,No,6,1987
da_aparcamientosBici.fid-5e0b4e14_192281f7d42_2de9,65902,APARCABICIS_147,Esquina con c/ Ángeles Rubio Arguelles,"CALLE TORREMOLINOS, 78 ",POINT (365503.546059559 4058633.22181345),,,,,,MUNICIPAL,No,No,8,1987
da_aparcamientosBici.fid-5e0b4e14_192281f7d42_2dea,65941,APARCABICIS_101,Esquina con Cl. Manuel España Lobo,"CALLE MANUEL ESPAÑA LOBO, 1 ",POINT (371607.459140359 4064463.59674723),,,,,,MUNICIPAL,No,No,8,1987
da_aparcamientosBici.fid-5e0b4e14_192281f7d42_2deb,65895,APARCABICIS_124,Ave María,"AVENIDA DE SOR TERESA PRAT, 49 ",POINT (371212.166170129 4062210.64151507),,,,,,MUNICIPAL,No,No,8,1987
